{"base_files_url": "https://raw.githubusercontent.com/retrospy/retrospy-MiSTer/ff68d8e1105fd994d703b96906cdfa26c438b0a8/", "db_id": "retrospy/retrospy-MiSTer", "db_url": "https://raw.githubusercontent.com/retrospy/retrospy-MiSTer/db/db.json.zip", "files": {"retrospy/retrospy": {"hash": "d7abbcce4c6b8d9aee0f4c559cda0fa6", "size": 23696, "tags": [16], "url": "https://github.com/retrospy/RetroSpy/releases/latest/download/retrospy"}}, "folders": {"retrospy": {"tags": [16]}}, "tag_dictionary": {"retrospy": 16}, "timestamp": 1702174812}